Metric,Raw_Noisy,Compensated
RMSE,3.11821273921695e-07,1.25346853248193e-06
RMSE_percent,6.77832550777983,27.2477166809833
Max_Error,9.77100196712361e-07,3.64672211921109e-06
Std_Dev,3.11807612496215e-07,1.2534931875696e-06
Mean_Error,3.65795241521692e-09,-4.09255050855266e-09
